song_name,song_position,artist_name,playlist_year,danceability,valence,speechiness
All In My Head (Flex) (feat. Fetty Wap),1,Fifth Harmony,Top Songs 2016,0.689,0.755,0.053
I Lied,2,Fifth Harmony,Top Songs 2016,0.674,0.492,0.179
Boom!,3,Simple Plan,Top Songs 2016,0.457,0.3,0.1
History,4,One Direction,Top Songs 2016,0.655,0.802,0.0493
Work from Home (feat. Ty Dolla $ign),5,Fifth Harmony,Top Songs 2016,0.803,0.593,0.0432
Break a Sweat,6,Becky G,Top Songs 2016,0.786,0.65,0.059
Shoot to Thrill,7,AC/DC,Top Songs 2016,0.457,0.48,0.0747
Write On Me,8,Fifth Harmony,Top Songs 2016,0.441,0.475,0.128
You,9,Galantis,Top Songs 2016,0.184,0.21,0.0661
I Don't Wanna Go to Bed (feat. Nelly),10,Simple Plan,Top Songs 2016,0.722,0.842,0.0452
Bacon,11,Nick Jonas,Top Songs 2016,0.709,0.755,0.0799
I Know What You Did Last Summer,12,Shawn Mendes,Top Songs 2016,0.685,0.722,0.0974
The Only Exception,13,Paramore,Top Songs 2016,0.452,0.209,0.0272
Pride,14,American Authors,Top Songs 2016,0.619,0.65,0.0432
Look At Me Now,15,Chris Brown,Top Songs 2016,0.764,0.581,0.189
Sledgehammer,16,Fifth Harmony,Top Songs 2016,0.671,0.289,0.046
Born To Be Wild,17,Krokus,Top Songs 2016,0.576,0.609,0.0425
Fanática Sensual,18,Plan B,Top Songs 2016,0.791,0.902,0.0492
Call If You Need Me,19,Galantis,Top Songs 2016,0.385,0.484,0.0359
Happy Birthday (feat. John Legend),20,Kygo,Top Songs 2016,0.596,0.159,0.103
Photograph,21,Ed Sheeran,Top Songs 2016,0.614,0.201,0.0476
Half a Heart,22,One Direction,Top Songs 2016,0.515,0.495,0.0348
Like A Champion,23,Selena Gomez,Top Songs 2016,0.705,0.935,0.118
BO$$,24,Fifth Harmony,Top Songs 2016,0.813,0.736,0.107
"Bad Man (feat. Robin Thicke, Joe Perry & Travis Barker)",25,Pitbull,Top Songs 2016,0.636,0.53,0.0639
7 Years,26,Lukas Graham,Top Songs 2016,0.765,0.34,0.0514
Adiemus - 1999 New Version,27,Karl Jenkins,Top Songs 2016,0.282,0.186,0.0454
A Thousand Years,28,Christina Perri,Top Songs 2016,0.421,0.161,0.0267
Never Enough,29,One Direction,Top Songs 2016,0.579,0.587,0.0512
Desire - Gryffin Remix,30,Years & Years,Top Songs 2016,0.543,0.415,0.0512
I Found A Girl,31,The Vamps,Top Songs 2016,0.717,0.645,0.0565
Peanut Butter Jelly,32,Galantis,Top Songs 2016,0.708,0.545,0.234
The Feeling,33,Justin Bieber,Top Songs 2016,0.525,0.21,0.0619
Top Down,34,Fifth Harmony,Top Songs 2016,0.831,0.759,0.0429
Sweet Child O' Mine,35,Guns N' Roses,Top Songs 2016,0.45,0.662,0.0489
Entre Tus Alas,36,Camila,Top Songs 2016,0.206,0.0953,0.0345
I Can Be Somebody (feat. Erin McCarley),37,Deorro,Top Songs 2016,0.634,0.238,0.0331
Sin Contrato (feat. Fifth Harmony),38,Maluma,Top Songs 2016,0.782,0.896,0.102
Stars,39,Demi Lovato,Top Songs 2016,0.596,0.805,0.101
"Gone, Gone, Gone",40,Phillip Phillips,Top Songs 2016,0.664,0.501,0.038
Halo,41,Beyoncé,Top Songs 2016,0.508,0.472,0.0628
Let Me Go,42,Avril Lavigne,Top Songs 2016,0.389,0.118,0.037
Love Myself,43,Hailee Steinfeld,Top Songs 2016,0.617,0.324,0.0678
X Gon' Give It To Ya,44,DMX,Top Songs 2016,0.501,0.627,0.292
The Hills,45,The Weeknd,Top Songs 2016,0.356,0.109,0.0798
Heartbeat,46,Beckah Shae,Top Songs 2016,0.713,0.644,0.0858
Happily,47,One Direction,Top Songs 2016,0.623,0.824,0.0394
YOUTH,48,Troye Sivan,Top Songs 2016,0.628,0.592,0.041
Lay You Down Easy (feat. Sean Paul),49,MAGIC!,Top Songs 2016,0.644,0.947,0.0738
Second Chances,50,Imagine Dragons,Top Songs 2016,0.401,0.362,0.0355
Vapor,51,5 Seconds of Summer,Top Songs 2016,0.507,0.531,0.0434
Things I'll Never Say,52,Avril Lavigne,Top Songs 2016,0.576,0.578,0.0326
I Lived,53,OneRepublic,Top Songs 2016,0.599,0.311,0.0436
Candy,54,Plan B,Top Songs 2016,0.9,0.592,0.112
Gone (feat. Ty Dolla $ign),55,Afrojack,Top Songs 2016,0.687,0.763,0.0448
Home,56,Phillip Phillips,Top Songs 2016,0.606,0.322,0.0307
Find You,57,Zedd,Top Songs 2016,0.532,0.38,0.0394
You & Me (feat. W. Darling),58,Bassnectar,Top Songs 2016,0.495,0.151,0.0341
Cuando Nos Volvamos a Encontrar (feat. Marc Anthony),59,Carlos Vives,Top Songs 2016,0.607,0.598,0.041
Yellow,60,Coldplay,Top Songs 2016,0.429,0.285,0.0281
Sígueme Y Te Sigo,61,Daddy Yankee,Top Songs 2016,0.736,0.663,0.0428
I'm with You,62,Avril Lavigne,Top Songs 2016,0.451,0.226,0.0293
Drag Me Down,63,One Direction,Top Songs 2016,0.73,0.595,0.0369
Hey Everybody!,64,5 Seconds of Summer,Top Songs 2016,0.753,0.853,0.0316
Make You Feel My Love,65,Adele,Top Songs 2016,0.325,0.0997,0.0311
It's a Long Way to the Top (If You Wanna Rock 'N' Roll),66,AC/DC,Top Songs 2016,0.456,0.532,0.0894
Summer,67,Calvin Harris,Top Songs 2016,0.596,0.743,0.0346
Future Looks Good,68,OneRepublic,Top Songs 2016,0.33,0.559,0.0426
We Know The Way,69,Opetaia Foa'i,Top Songs 2016,0.689,0.391,0.0368
What Now,70,Rihanna,Top Songs 2016,0.402,0.227,0.0448
Super Bass,71,Nicki Minaj,Top Songs 2016,0.721,0.639,0.196
This Is What You Came For (feat. Rihanna),72,Calvin Harris,Top Songs 2016,0.631,0.465,0.0332
Raging (feat. Kodaline),73,Kygo,Top Songs 2016,0.55,0.408,0.094
Overdose,74,Little Daylight,Top Songs 2016,0.559,0.757,0.0678
Jet Black Heart,75,5 Seconds of Summer,Top Songs 2016,0.507,0.545,0.033
Something Big,76,Shawn Mendes,Top Songs 2016,0.695,0.804,0.0431
Impossible,77,James Arthur,Top Songs 2016,0.376,0.302,0.0933
Sympathy For The Devil,78,The Rolling Stones,Top Songs 2016,0.658,0.587,0.242
On My Way,79,The Baseballs,Top Songs 2016,0.537,0.567,0.0453
Miss Movin' On,80,Fifth Harmony,Top Songs 2016,0.464,0.437,0.0508
A Sky Full of Stars,81,Coldplay,Top Songs 2016,0.545,0.162,0.0279
The Night Is Still Young,82,Nicki Minaj,Top Songs 2016,0.656,0.693,0.0563
Gyal You A Party Animal,83,Charly Black,Top Songs 2016,0.588,0.871,0.0932
The Best Damn Thing,84,Avril Lavigne,Top Songs 2016,0.552,0.854,0.0899
Cheers (Drink To That),85,Rihanna,Top Songs 2016,0.576,0.727,0.0403
Get Ugly,86,Jason Derulo,Top Songs 2016,0.75,0.539,0.12
18,87,One Direction,Top Songs 2016,0.681,0.221,0.0313
Thunderstruck,88,AC/DC,Top Songs 2016,0.502,0.259,0.0364
In The Night,89,The Weeknd,Top Songs 2016,0.48,0.506,0.13
No soy una de esas (feat. Alejandro Sanz),90,Jesse & Joy,Top Songs 2016,0.644,0.807,0.161
I'll Show You,91,Justin Bieber,Top Songs 2016,0.361,0.0789,0.098
Kamikaze,92,MØ,Top Songs 2016,0.663,0.704,0.0646
Suéltate,93,Mando,Top Songs 2016,0.709,0.823,0.041
Hall of Fame (feat. will.i.am),94,The Script,Top Songs 2016,0.421,0.629,0.0564
Choke,95,OneRepublic,Top Songs 2016,0.582,0.263,0.0346
Carnaval,96,Maluma,Top Songs 2016,0.74,0.782,0.033
Go Big Or Go Home,97,American Authors,Top Songs 2016,0.663,0.766,0.043
$,98,Ty Dolla $ign,Top Songs 2016,0.87,0.317,0.0501
Bohemian Rhapsody,99,Queen,Top Songs 2016,0.456,0.206,0.0462
Tenerife Sea,100,Ed Sheeran,Top Songs 2016,0.53,0.359,0.0376
Stay,1,Zedd,Top Songs 2017,0.69,0.544,0.0622
1-800-273-8255,2,Logic,Top Songs 2017,0.62,0.357,0.0479
Milo,3,Residente,Top Songs 2017,0.617,0.593,0.0598
More Than You Know,4,Axwell /\ Ingrosso,Top Songs 2017,0.641,0.505,0.0339
Down,5,Fifth Harmony,Top Songs 2017,0.53,0.401,0.133
Most Girls,6,Hailee Steinfeld,Top Songs 2017,0.756,0.417,0.0763
Silence,7,Marshmello,Top Songs 2017,0.52,0.286,0.0853
Here,8,Alessia Cara,Top Songs 2017,0.376,0.331,0.104
Dagombas en Tamale,9,Residente,Top Songs 2017,0.608,0.726,0.194
No More Sad Songs,10,Little Mix,Top Songs 2017,0.709,0.728,0.0469
I Can Only. (feat. Alessia Cara),11,JoJo,Top Songs 2017,0.641,0.335,0.0505
Ride,12,Naïka,Top Songs 2017,0.736,0.532,0.0551
It Won't Kill Ya,13,The Chainsmokers,Top Songs 2017,0.572,0.12,0.0654
Guerra,14,Residente,Top Songs 2017,0.519,0.297,0.075
Barcelona,15,Ed Sheeran,Top Songs 2017,0.747,0.682,0.187
Everybody,16,Logic,Top Songs 2017,0.885,0.773,0.0913
Now Or Never,17,Halsey,Top Songs 2017,0.67,0.447,0.0354
Legend,18,The Score,Top Songs 2017,0.607,0.472,0.0277
Heaven,19,OneRepublic,Top Songs 2017,0.585,0.37,0.0321
Friend Of Mine (feat. Vargas & Lagola),20,Avicii,Top Songs 2017,0.701,0.666,0.056
Cómo Te Atreves,21,Morat,Top Songs 2017,0.613,0.744,0.0445
Power (feat. Stormzy),22,Little Mix,Top Songs 2017,0.568,0.438,0.304
Mama,23,Jonas Blue,Top Songs 2017,0.737,0.543,0.0416
Whatever It Takes,24,Imagine Dragons,Top Songs 2017,0.675,0.536,0.0318
Solo Dance,25,Martin Jensen,Top Songs 2017,0.746,0.403,0.048
Wild Things,26,Alessia Cara,Top Songs 2017,0.741,0.706,0.0886
"Tchaikovsky: Swan Lake (Ballet), Op. 20, Act 2: No. 10, Scène (Moderato)",27,Pyotr Ilyich Tchaikovsky,Top Songs 2017,0.109,0.0692,0.0382
Cold,28,Maroon 5,Top Songs 2017,0.7,0.458,0.104
This Is My World (feat. Austin Jenckes),29,Esterly,Top Songs 2017,0.602,0.389,0.0394
chateau,30,blackbear,Top Songs 2017,0.667,0.498,0.0431
I'm with You,31,Avril Lavigne,Top Songs 2017,0.457,0.208,0.0291
Wolves Without Teeth,32,Of Monsters and Men,Top Songs 2017,0.362,0.436,0.0334
Shape of You,33,Ed Sheeran,Top Songs 2017,0.825,0.931,0.0802
Swalla (feat. Nicki Minaj & Ty Dolla $ign),34,Jason Derulo,Top Songs 2017,0.696,0.782,0.109
do re mi,35,blackbear,Top Songs 2017,0.745,0.169,0.0486
Empire,36,Of Monsters and Men,Top Songs 2017,0.504,0.544,0.0321
Mi Gente,37,J Balvin,Top Songs 2017,0.774,0.308,0.0584
Galway Girl,38,Ed Sheeran,Top Songs 2017,0.624,0.781,0.1
7 Years,39,Lukas Graham,Top Songs 2017,0.765,0.34,0.0514
Me Rehúso,40,Danny Ocean,Top Songs 2017,0.746,0.447,0.0698
There's Nothing Holdin' Me Back,41,Shawn Mendes,Top Songs 2017,0.866,0.969,0.0554
Hallelujah,42,Logic,Top Songs 2017,0.674,0.46,0.195
Everyday,43,Ariana Grande,Top Songs 2017,0.637,0.431,0.0563
Without You (feat. Sandro Cavazza),44,Avicii,Top Songs 2017,0.662,0.295,0.0428
Sober,45,Lorde,Top Songs 2017,0.796,0.516,0.181
No Vacancy,46,OneRepublic,Top Songs 2017,0.72,0.481,0.0489
Believer,47,Imagine Dragons,Top Songs 2017,0.772,0.748,0.112
Nancy Mulligan,48,Ed Sheeran,Top Songs 2017,0.68,0.858,0.0349
Stay - Acoustic,49,Zedd,Top Songs 2017,0.625,0.294,0.028
The Only Exception,50,Paramore,Top Songs 2017,0.452,0.209,0.0272
Inside Out,51,The Chainsmokers,Top Songs 2017,0.549,0.141,0.0311
No Me Lo Puedo Explicar,52,Tiziano Ferro,Top Songs 2017,0.6,0.228,0.0359
Glorious (feat. Skylar Grey),53,Macklemore,Top Songs 2017,0.731,0.356,0.0522
Wherever You Are,54,5 Seconds of Summer,Top Songs 2017,0.562,0.459,0.0298
I'm Yours,55,Alessia Cara,Top Songs 2017,0.504,0.399,0.125
Please Be Naked,56,The 1975,Top Songs 2017,0.211,0.0817,0.0582
Dirty Paws,57,Of Monsters and Men,Top Songs 2017,0.359,0.133,0.035
Shed a Light,58,Robin Schulz,Top Songs 2017,0.483,0.58,0.102
Choke,59,OneRepublic,Top Songs 2017,0.582,0.263,0.0346
Homemade Dynamite,60,Lorde,Top Songs 2017,0.771,0.268,0.0577
Real Gone,61,Sheryl Crow,Top Songs 2017,0.608,0.806,0.0472
Idfc,62,blackbear,Top Songs 2017,0.63,0.315,0.0611
Feel Good (feat. Daya),63,Gryffin,Top Songs 2017,0.625,0.479,0.0337
Touch,64,Little Mix,Top Songs 2017,0.607,0.551,0.0978
Take Me Home,65,Jess Glynne,Top Songs 2017,0.558,0.238,0.0388
How Far I'll Go - Alessia Cara Version,66,Alessia Cara,Top Songs 2017,0.31,0.148,0.346
Too Dry to Cry,67,Willis Earl Beal,Top Songs 2017,0.71,0.428,0.0649
Middle Of The Night,68,The Vamps,Top Songs 2017,0.61,0.436,0.0531
Messy,69,Fifth Harmony,Top Songs 2017,0.579,0.349,0.0503
hell is where i dreamt of u and woke up alone,70,blackbear,Top Songs 2017,0.507,0.25,0.0612
Hands,71,Mike Perry,Top Songs 2017,0.719,0.599,0.0444
Gold Dust,72,Galantis,Top Songs 2017,0.242,0.128,0.0361
WILD,73,Troye Sivan,Top Songs 2017,0.624,0.517,0.0823
Green Light,74,Lorde,Top Songs 2017,0.594,0.253,0.0957
I Lied,75,Fifth Harmony,Top Songs 2017,0.674,0.492,0.179
Castle,76,Halsey,Top Songs 2017,0.626,0.164,0.0327
Good Life (with G-Eazy & Kehlani),77,G-Eazy,Top Songs 2017,0.572,0.54,0.233
Higher,78,The Score,Top Songs 2017,0.457,0.479,0.0316
Gasoline,79,Halsey,Top Songs 2017,0.731,0.319,0.0399
Glitter & Gold,80,Barns Courtney,Top Songs 2017,0.487,0.352,0.0383
Something Just Like This,81,The Chainsmokers,Top Songs 2017,0.607,0.505,0.0362
She Will Be Loved,82,Maroon 5,Top Songs 2017,0.706,0.544,0.0301
Red,83,Taylor Swift,Top Songs 2017,0.602,0.641,0.0437
Let's Hurt Tonight,84,OneRepublic,Top Songs 2017,0.359,0.272,0.0366
Miracle,85,The Score,Top Songs 2017,0.642,0.567,0.0343
Hurricane,86,The Vamps,Top Songs 2017,0.311,0.762,0.105
Fragile,87,Kygo,Top Songs 2017,0.47,0.218,0.0522
Second Chances,88,Imagine Dragons,Top Songs 2017,0.401,0.362,0.0355
HUMBLE.,89,Kendrick Lamar,Top Songs 2017,0.908,0.421,0.102
Bacon,90,Nick Jonas,Top Songs 2017,0.709,0.755,0.0799
I Lived,91,OneRepublic,Top Songs 2017,0.599,0.311,0.0436
Lot to Learn,92,Luke Christopher,Top Songs 2017,0.405,0.602,0.195
Love Me Now,93,John Legend,Top Songs 2017,0.416,0.716,0.0949
Write On Me,94,Fifth Harmony,Top Songs 2017,0.441,0.475,0.128
Life Of The Party,95,Shawn Mendes,Top Songs 2017,0.666,0.161,0.0314
Robarte un Beso,96,Carlos Vives,Top Songs 2017,0.748,0.678,0.0501
Young,97,The Chainsmokers,Top Songs 2017,0.615,0.454,0.0291
Mama Said,98,Lukas Graham,Top Songs 2017,0.712,0.591,0.0703
The Scientist,99,Coldplay,Top Songs 2017,0.557,0.213,0.0243
Your Number REMIX (feat. Chris Brown & Kid Ink),100,Ayo Jay,Top Songs 2017,0.752,0.746,0.121
Just My Type,1,The Vamps,Top Songs 2018,0.61,0.523,0.0693
Next To Me,2,Imagine Dragons,Top Songs 2018,0.296,0.398,0.0632
No vaya a ser,3,Pablo Alborán,Top Songs 2018,0.731,0.577,0.0586
Mama Look at Me Now,4,Galantis,Top Songs 2018,0.59,0.4,0.0384
Side Effects (feat. Emily Warren),5,The Chainsmokers,Top Songs 2018,0.673,0.54,0.0324
OTW,6,Khalid,Top Songs 2018,0.652,0.28,0.0541
Better Man,7,5 Seconds of Summer,Top Songs 2018,0.676,0.529,0.0828
The Last Of The Real Ones,8,Fall Out Boy,Top Songs 2018,0.572,0.546,0.0481
Say Something (feat. Chris Stapleton),9,Justin Timberlake,Top Songs 2018,0.707,0.372,0.0789
Rise,10,Jonas Blue,Top Songs 2018,0.69,0.669,0.032
Freaky Friday (feat. Chris Brown),11,Lil Dicky,Top Songs 2018,0.755,0.755,0.224
We Don't Care,12,Sigala,Top Songs 2018,0.423,0.655,0.275
Happier,13,Marshmello,Top Songs 2018,0.687,0.671,0.0452
Tie Me Down (with Elley Duhé),14,Gryffin,Top Songs 2018,0.548,0.314,0.0644
Sober Up (Feat. Rivers Cuomo),15,AJR,Top Songs 2018,0.648,0.772,0.0276
I'll Be There,16,Jess Glynne,Top Songs 2018,0.623,0.4,0.0409
Eastside (with Halsey & Khalid),17,benny blanco,Top Songs 2018,0.56,0.319,0.321
Youngblood,18,5 Seconds of Summer,Top Songs 2018,0.596,0.152,0.463
Growing Pains,19,Alessia Cara,Top Songs 2018,0.353,0.437,0.733
8 Vasos Al Día,20,Casi Creativo,Top Songs 2018,0.553,0.891,0.0696
I Just Can't,21,R3HAB,Top Songs 2018,0.652,0.303,0.0419
High On Life (feat. Bonn),22,Martin Garrix,Top Songs 2018,0.414,0.368,0.0311
Satisfied (feat. MAX),23,Galantis,Top Songs 2018,0.75,0.928,0.121
Body,24,Loud Luxury,Top Songs 2018,0.752,0.582,0.038
Pray For Me (with Kendrick Lamar),25,The Weeknd,Top Songs 2018,0.734,0.165,0.0871
Wanna Be Startin' Somethin',26,Michael Jackson,Top Songs 2018,0.846,0.899,0.0438
"These Days (feat. Jess Glynne, Macklemore & Dan Caplen)",27,Rudimental,Top Songs 2018,0.653,0.55,0.0474
La Mujer Perfecta,28,KURT,Top Songs 2018,0.824,0.878,0.0669
Babylon,29,5 Seconds of Summer,Top Songs 2018,0.521,0.494,0.0403
Candy Paint,30,Post Malone,Top Songs 2018,0.765,0.434,0.0841
Happy Now,31,Zedd,Top Songs 2018,0.503,0.458,0.047
I Like The Way,32,Tyron Hapi,Top Songs 2018,0.676,0.402,0.168
Sk8er Boi,33,Avril Lavigne,Top Songs 2018,0.487,0.484,0.0482
Milo,34,Residente,Top Songs 2018,0.617,0.593,0.0598
El Triste - Sinfónico,35,José José,Top Songs 2018,0.42,0.186,0.0364
"Gone, Gone, Gone",36,Phillip Phillips,Top Songs 2018,0.664,0.501,0.038
REMEDY,37,Alesso,Top Songs 2018,0.601,0.483,0.0473
Woman Like Me (feat. Nicki Minaj),38,Little Mix,Top Songs 2018,0.757,0.826,0.0536
1-800-273-8255,39,Logic,Top Songs 2018,0.62,0.357,0.0479
Kiss and Make Up,40,Dua Lipa,Top Songs 2018,0.678,0.643,0.137
Cold (feat. Future),41,Maroon 5,Top Songs 2018,0.699,0.52,0.116
Friend Of Mine (feat. Vargas & Lagola),42,Avicii,Top Songs 2018,0.701,0.666,0.056
Vivaldi: Winter From The Four Seasons 1. Allegro Non Molto,43,Silverwood Quartet,Top Songs 2018,0.487,0.126,0.0589
Cheers (Drink To That),44,Rihanna,Top Songs 2018,0.576,0.727,0.0403
Hércules,45,Rodrigo Septién,Top Songs 2018,0.642,0.754,0.401
I'll Supply the Love,46,TOTO,Top Songs 2018,0.741,0.769,0.0306
Black Eyes,47,Bradley Cooper,Top Songs 2018,0.373,0.46,0.0834
Desencuentro (feat. Soko),48,Residente,Top Songs 2018,0.379,0.361,0.0798
Up (feat. Demi Lovato),49,Olly Murs,Top Songs 2018,0.69,0.638,0.0339
Drunken Hearts,50,Wallpaper.,Top Songs 2018,0.634,0.525,0.0604
You Can't Hold Me Down,51,Mogli the Iceburg,Top Songs 2018,0.748,0.806,0.124
Maps,52,Maroon 5,Top Songs 2018,0.742,0.879,0.0303
I Got U,53,Duke Dumont,Top Songs 2018,0.636,0.463,0.035
Hallelujah,54,Logic,Top Songs 2018,0.674,0.46,0.195
I'm with You,55,Avril Lavigne,Top Songs 2018,0.457,0.208,0.0291
The Middle,56,Zedd,Top Songs 2018,0.753,0.437,0.0449
Wake Me up When September Ends,57,Green Day,Top Songs 2018,0.546,0.146,0.0314
Safe And Sound,58,Capital Cities,Top Songs 2018,0.655,0.766,0.0316
Dirty Paws,59,Of Monsters and Men,Top Songs 2018,0.359,0.133,0.035
Dagombas en Tamale,60,Residente,Top Songs 2018,0.608,0.726,0.194
Faster,61,Matt Nathanson,Top Songs 2018,0.742,0.95,0.0393
Heaven In Our Headlights,62,Hedley,Top Songs 2018,0.517,0.473,0.0575
My Heart Is Open,63,Maroon 5,Top Songs 2018,0.41,0.283,0.0301
Life Of The Party,64,Shawn Mendes,Top Songs 2018,0.666,0.161,0.0314
The Only Exception,65,Paramore,Top Songs 2018,0.452,0.209,0.0272
No Air (feat. Chris Brown) - Acoustic Version,66,Jordin Sparks,Top Songs 2018,0.427,0.353,0.0321
Bacon,67,Nick Jonas,Top Songs 2018,0.709,0.755,0.0799
Tell Her You Love Her,68,Echosmith,Top Songs 2018,0.637,0.176,0.0352
Stone,69,Alessia Cara,Top Songs 2018,0.771,0.337,0.0324
Con te partirò,70,Andrea Bocelli,Top Songs 2018,0.249,0.247,0.0307
Polaroid,71,Imagine Dragons,Top Songs 2018,0.424,0.258,0.0495
Everybody,72,Logic,Top Songs 2018,0.885,0.773,0.0913
Digital Love (feat. Hailee Steinfeld),73,Digital Farm Animals,Top Songs 2018,0.701,0.514,0.0512
Coming Back For You,74,Maroon 5,Top Songs 2018,0.644,0.39,0.0341
Supercut,75,Lorde,Top Songs 2018,0.562,0.15,0.052
This Feeling (feat. Kelsea Ballerini),76,The Chainsmokers,Top Songs 2018,0.539,0.474,0.0432
Que te vaya bonito,77,Luis Miguel,Top Songs 2018,0.361,0.616,0.0355
Love on Me,78,Galantis,Top Songs 2018,0.562,0.674,0.0758
Nothing to Regret,79,Robinson,Top Songs 2018,0.697,0.331,0.031
Stay,80,Zedd,Top Songs 2018,0.69,0.544,0.0622
Psycho (feat. Ty Dolla $ign),81,Post Malone,Top Songs 2018,0.74,0.421,0.102
Do Like That,82,Korede Bello,Top Songs 2018,0.835,0.659,0.426
Caperucita Roja,83,Rodrigo Septién,Top Songs 2018,0.889,0.806,0.342
Gorilla,84,Bruno Mars,Top Songs 2018,0.717,0.641,0.0371
Un Beso de Desayuno,85,Calle 13,Top Songs 2018,0.664,0.763,0.117
Mobile,86,Avril Lavigne,Top Songs 2018,0.593,0.634,0.0298
Liability,87,Lorde,Top Songs 2018,0.587,0.379,0.128
Qué bonita es mi tierra,88,Luis Miguel,Top Songs 2018,0.25,0.534,0.0362
"Let Me Go (with Alesso, Florida Georgia Line & watt)",89,Hailee Steinfeld,Top Songs 2018,0.664,0.742,0.0474
Body on Me (feat. Chris Brown),90,Rita Ora,Top Songs 2018,0.636,0.53,0.041
Here,91,Alessia Cara,Top Songs 2018,0.376,0.331,0.104
Let Me Love You (Until You Learn To Love Yourself) (Glee Cast Version),92,Glee Cast,Top Songs 2018,0.406,0.447,0.035
Silence,93,Marshmello,Top Songs 2018,0.52,0.286,0.0853
On My Way,94,The Baseballs,Top Songs 2018,0.537,0.567,0.0453
Burning Love,95,Elvis Presley,Top Songs 2018,0.668,0.969,0.0283
A Sky Full of Stars,96,Coldplay,Top Songs 2018,0.545,0.162,0.0279
Like A Champion,97,Selena Gomez,Top Songs 2018,0.705,0.935,0.118
Homemade Dynamite,98,Lorde,Top Songs 2018,0.771,0.268,0.0577
Serenata huasteca,99,Luis Miguel,Top Songs 2018,0.612,0.723,0.0343
El Aguante,100,Calle 13,Top Songs 2018,0.664,0.814,0.281
Madness,1,Ruelle,Top Songs 2019,0.509,0.421,0.0433
Who Do You Love,2,The Chainsmokers,Top Songs 2019,0.51,0.435,0.0447
Sucker,3,Jonas Brothers,Top Songs 2019,0.842,0.952,0.0588
Teeth,4,5 Seconds of Summer,Top Songs 2019,0.749,0.42,0.0416
Do My Thang,5,Miley Cyrus,Top Songs 2019,0.76,0.314,0.0444
South of the Border (feat. Camila Cabello & Cardi B),6,Ed Sheeran,Top Songs 2019,0.857,0.668,0.0825
How Can I Forget,7,MKTO,Top Songs 2019,0.796,0.754,0.0558
Con Todos Menos Conmigo,8,Timbiriche,Top Songs 2019,0.731,0.789,0.0385
All I Am,9,Jess Glynne,Top Songs 2019,0.755,0.498,0.0339
I'll Be There,10,Jess Glynne,Top Songs 2019,0.627,0.399,0.0394
Kiss and Make Up,11,Dua Lipa,Top Songs 2019,0.678,0.643,0.137
A Little More,12,Alessia Cara,Top Songs 2019,0.478,0.23,0.0364
Vaina Loca,13,Ozuna,Top Songs 2019,0.754,0.555,0.0752
Dangerous Woman,14,Ariana Grande,Top Songs 2019,0.664,0.289,0.0412
What's Up Danger (with Black Caviar),15,Blackway,Top Songs 2019,0.701,0.116,0.0417
Polaroid,16,Jonas Blue,Top Songs 2019,0.652,0.475,0.036
Out Of Love,17,Alessia Cara,Top Songs 2019,0.481,0.137,0.0339
Querer Mejor,18,Juanes,Top Songs 2019,0.781,0.615,0.134
Happy Now,19,Kygo,Top Songs 2019,0.693,0.492,0.0801
Youngblood,20,5 Seconds of Summer,Top Songs 2019,0.596,0.152,0.463
Old Town Road (feat. Billy Ray Cyrus) - Remix,21,Lil Nas X,Top Songs 2019,0.878,0.639,0.102
lovely (with Khalid),22,Billie Eilish,Top Songs 2019,0.351,0.12,0.0333
Cool,23,Jonas Brothers,Top Songs 2019,0.681,0.643,0.0458
Girl Next Door,24,Alessia Cara,Top Songs 2019,0.705,0.422,0.12
Hey Jude - Remastered 2015,25,The Beatles,Top Songs 2019,0.386,0.532,0.0261
Bones (feat. OneRepublic),26,Galantis,Top Songs 2019,0.658,0.508,0.0377
Formation,27,Beyoncé,Top Songs 2019,0.896,0.818,0.237
Ruin My Life,28,Zara Larsson,Top Songs 2019,0.665,0.585,0.0578
Thursday,29,Jess Glynne,Top Songs 2019,0.82,0.309,0.0454
Walk Me Home,30,P!nk,Top Songs 2019,0.652,0.432,0.0445
Like I Love You,31,Lost Frequencies,Top Songs 2019,0.863,0.751,0.0847
Ready to Run,32,One Direction,Top Songs 2019,0.524,0.299,0.036
Oye 2014 (feat. Pitbull),33,Santana,Top Songs 2019,0.6,0.963,0.0462
Run Away With Me,34,Carly Rae Jepsen,Top Songs 2019,0.564,0.251,0.0475
London Bridge,35,Fergie,Top Songs 2019,0.769,0.633,0.357
Lost In Japan,36,Shawn Mendes,Top Songs 2019,0.713,0.425,0.374
Freedom,37,Pharrell Williams,Top Songs 2019,0.428,0.607,0.067
Body Talks (feat. Kesha),38,The Struts,Top Songs 2019,0.537,0.843,0.274
La Vie En Rose,39,Cristin Milioti,Top Songs 2019,0.648,0.597,0.254
Be Mean,40,DNCE,Top Songs 2019,0.7,0.522,0.0707
Alibi,41,Bradley Cooper,Top Songs 2019,0.285,0.636,0.036
If I Can't Have You,42,Shawn Mendes,Top Songs 2019,0.692,0.864,0.0602
Want You Back,43,5 Seconds of Summer,Top Songs 2019,0.618,0.579,0.0439
Wherever I Live,44,Alessia Cara,Top Songs 2019,0.717,0.594,0.102
Rise,45,Jonas Blue,Top Songs 2019,0.69,0.669,0.032
Mama Look at Me Now,46,Galantis,Top Songs 2019,0.59,0.4,0.0384
Woman Like Me (feat. Nicki Minaj),47,Little Mix,Top Songs 2019,0.757,0.826,0.0536
Tune Maari Entriyaan,48,Sohail Sen,Top Songs 2019,0.794,0.779,0.215
I Don't Care (with Justin Bieber),49,Ed Sheeran,Top Songs 2019,0.798,0.842,0.0442
Game of Survival,50,Ruelle,Top Songs 2019,0.557,0.153,0.0522
Los Idiotas,51,Calle 13,Top Songs 2019,0.667,0.674,0.0691
SOS,52,Avicii,Top Songs 2019,0.802,0.376,0.0715
Every Breath You Take,53,The Police,Top Songs 2019,0.822,0.722,0.0343
My Kind,54,Alessia Cara,Top Songs 2019,0.582,0.494,0.194
Give Love a Try,55,Jonas Brothers,Top Songs 2019,0.794,0.419,0.0376
Keep Me Crazy,56,Sheppard,Top Songs 2019,0.683,0.717,0.0552
Sangria Wine,57,Pharrell Williams,Top Songs 2019,0.831,0.69,0.094
Woke Up Late (feat. Hailee Steinfeld),58,Drax Project,Top Songs 2019,0.698,0.351,0.083
Regrésame Mi Corazón,59,Carlos Rivera,Top Songs 2019,0.696,0.408,0.094
This Feeling,60,The Chainsmokers,Top Songs 2019,0.575,0.449,0.0439
What Makes A Good Man?,61,The Heavy,Top Songs 2019,0.456,0.333,0.0786
Afterlife,62,Hailee Steinfeld,Top Songs 2019,0.673,0.343,0.0356
I Don't Want To,63,Alessia Cara,Top Songs 2019,0.531,0.634,0.379
You Don't Mess Around With Jim,64,Jim Croce,Top Songs 2019,0.702,0.968,0.0596
One Foot,65,WALK THE MOON,Top Songs 2019,0.581,0.492,0.0357
Happier,66,Marshmello,Top Songs 2019,0.687,0.671,0.0452
Comfortable,67,Alessia Cara,Top Songs 2019,0.721,0.667,0.0302
The Hills,68,The Weeknd,Top Songs 2019,0.585,0.137,0.0515
Some Nights,69,fun.,Top Songs 2019,0.672,0.392,0.0506
Magic,70,Coldplay,Top Songs 2019,0.738,0.352,0.0402
Easier Said,71,Alessia Cara,Top Songs 2019,0.411,0.611,0.11
Pasos de cero,72,Pablo Alborán,Top Songs 2019,0.749,0.798,0.0764
Fly With Me,73,Jonas Brothers,Top Songs 2019,0.481,0.523,0.0576
Lights On,74,Shawn Mendes,Top Songs 2019,0.705,0.555,0.0648
Growing Pains,75,Alessia Cara,Top Songs 2019,0.353,0.432,0.74
Duro y Suave,76,Leslie Grace,Top Songs 2019,0.769,0.618,0.153
In Love With A Camera,77,The Struts,Top Songs 2019,0.557,0.638,0.0378
End of Time,78,Beyoncé,Top Songs 2019,0.711,0.785,0.219
7 Days,79,Alessia Cara,Top Songs 2019,0.503,0.798,0.188
Bad Dream,80,Ruelle,Top Songs 2019,0.624,0.241,0.0339
"Feel It (feat. Lloyd, Rich Homie Quan)",81,Jacquees,Top Songs 2019,0.54,0.155,0.072
"Earned It (Fifty Shades Of Grey) - From The ""Fifty Shades Of Grey"" Soundtrack",82,The Weeknd,Top Songs 2019,0.667,0.453,0.0325
Nintendo Game,83,Alessia Cara,Top Songs 2019,0.474,0.323,0.228
Mayores,84,Becky G,Top Songs 2019,0.743,0.871,0.0436
"Let Me Go (with Alesso, Florida Georgia Line & watt)",85,Hailee Steinfeld,Top Songs 2019,0.664,0.742,0.0474
Icky Thump,86,The White Stripes,Top Songs 2019,0.415,0.356,0.0927
Growing Pains (Reprise),87,Alessia Cara,Top Songs 2019,0.429,0.327,0.0432
Could Have Been Me,88,The Struts,Top Songs 2019,0.541,0.434,0.0642
Partition,89,Beyoncé,Top Songs 2019,0.412,0.174,0.291
Black Eyes,90,Bradley Cooper,Top Songs 2019,0.373,0.46,0.0834
Trust My Lonely,91,Alessia Cara,Top Songs 2019,0.613,0.622,0.162
Please Be Naked,92,The 1975,Top Songs 2019,0.211,0.0817,0.0582
Friend Of Mine (feat. Vargas & Lagola),93,Avicii,Top Songs 2019,0.701,0.666,0.056
Primadonna Like Me,94,The Struts,Top Songs 2019,0.53,0.836,0.0459
All We Know,95,Alessia Cara,Top Songs 2019,0.47,0.409,0.0973
Free Bird,96,Lynyrd Skynyrd,Top Songs 2019,0.249,0.338,0.0577
Hands,97,Mike Perry,Top Songs 2019,0.719,0.599,0.0444
Put Your Money On Me,98,The Struts,Top Songs 2019,0.565,0.684,0.057
Zeus,99,Destripando la Historia,Top Songs 2019,0.73,0.844,0.0482
La vie en rose - Single Version,100,Louis Armstrong,Top Songs 2019,0.507,0.326,0.0544
Mucho Más Allá,1,Carmen Sarahi,Top Songs 2020,0.397,0.397,0.037
Blue Monday,2,Sebastian Böhm,Top Songs 2020,0.558,0.12,0.0343
Don't Start Now,3,Dua Lipa,Top Songs 2020,0.793,0.679,0.083
What A Man Gotta Do,4,Jonas Brothers,Top Songs 2020,0.852,0.324,0.0629
Boys Will Be Boys,5,Dua Lipa,Top Songs 2020,0.768,0.519,0.0353
Cuando los Pies Besan el Piso,6,Calle 13,Top Songs 2020,0.682,0.597,0.128
"I Choose - From The Netflix Original Film ""The Willoughbys""",7,Alessia Cara,Top Songs 2020,0.66,0.416,0.0764
Milionària,8,ROSALÍA,Top Songs 2020,0.857,0.906,0.416
Levitating,9,Dua Lipa,Top Songs 2020,0.695,0.914,0.0753
The Chain - 2004 Remaster,10,Fleetwood Mac,Top Songs 2020,0.545,0.481,0.0496
Cuídate,11,La Oreja de Van Gogh,Top Songs 2020,0.662,0.542,0.0335
Sparkle - movie ver.,12,RADWIMPS,Top Songs 2020,0.372,0.287,0.0339
Physical,13,Dua Lipa,Top Songs 2020,0.647,0.746,0.0457
Lonely Heart,14,5 Seconds of Summer,Top Songs 2020,0.592,0.261,0.0513
En el Aire,15,Vega Almohalla,Top Songs 2020,0.562,0.416,0.108
All I Am,16,Jess Glynne,Top Songs 2020,0.743,0.523,0.0344
Cool,17,Dua Lipa,Top Songs 2020,0.469,0.79,0.0664
No Shame,18,5 Seconds of Summer,Top Songs 2020,0.576,0.48,0.0374
OKAY OKAY,19,Alessia Cara,Top Songs 2020,0.684,0.752,0.262
René,20,Residente,Top Songs 2020,0.486,0.467,0.126
Break My Heart,21,Dua Lipa,Top Songs 2020,0.73,0.467,0.0884
Watermelon Sugar,22,Harry Styles,Top Songs 2020,0.548,0.557,0.0465
"Touch The Sky - From ""Brave""/Soundtrack",23,Julie Fowlis,Top Songs 2020,0.372,0.33,0.047
River,24,Bishop Briggs,Top Songs 2020,0.726,0.561,0.0477
Future Nostalgia,25,Dua Lipa,Top Songs 2020,0.875,0.859,0.0579
I Choose - From The Netflix Original Film The Willoughbys / Acoustic (Bonus Track),26,Alessia Cara,Top Songs 2020,0.594,0.485,0.0345
Viento y Cielo Alcanzar,27,Yuridia,Top Songs 2020,0.638,0.27,0.0351
Nice To Meet Ya,28,Niall Horan,Top Songs 2020,0.591,0.392,0.0304
Pretty Please,29,Dua Lipa,Top Songs 2020,0.906,0.656,0.194
Sucker,30,Jonas Brothers,Top Songs 2020,0.842,0.952,0.0588
Formation,31,Beyoncé,Top Songs 2020,0.896,0.818,0.237
Querer Mejor,32,Juanes,Top Songs 2020,0.781,0.615,0.134
A Little More,33,Alessia Cara,Top Songs 2020,0.478,0.23,0.0364
Soul - Japanese Bonus Track,34,Céline Dion,Top Songs 2020,0.65,0.586,0.0289
Single Ladies (Put a Ring on It),35,Beyoncé,Top Songs 2020,0.426,0.272,0.296
Hallucinate,36,Dua Lipa,Top Songs 2020,0.627,0.627,0.139
Historia de un Sueño,37,La Oreja de Van Gogh,Top Songs 2020,0.472,0.427,0.0261
Teeth,38,5 Seconds of Summer,Top Songs 2020,0.749,0.42,0.0416
Madness,39,Ruelle,Top Songs 2020,0.509,0.421,0.0433
Real Gone,40,Sheryl Crow,Top Songs 2020,0.608,0.806,0.0472
How Far I'll Go,41,Auli'i Cravalho,Top Songs 2020,0.571,0.108,0.0499
Who Do You Love,42,The Chainsmokers,Top Songs 2020,0.51,0.475,0.0461
Love Again,43,Dua Lipa,Top Songs 2020,0.659,0.468,0.0339
October - Live Off The Floor,44,Alessia Cara,Top Songs 2020,0.612,0.384,0.0287
Hey Jude - Remastered 2015,45,The Beatles,Top Songs 2020,0.386,0.532,0.0261
Run Boy Run,46,Woodkid,Top Songs 2020,0.506,0.34,0.102
School of Rock: The Musical - Medley,47,Kurt Hugo Schneider,Top Songs 2020,0.692,0.551,0.0676
October,48,Alessia Cara,Top Songs 2020,0.735,0.642,0.0293
La Playa,49,La Oreja de Van Gogh,Top Songs 2020,0.589,0.311,0.0268
Empire,50,Shakira,Top Songs 2020,0.541,0.364,0.0603
Legend,51,The Score,Top Songs 2020,0.601,0.462,0.028
Ready - Live Off The Floor,52,Alessia Cara,Top Songs 2020,0.454,0.582,0.0424
Get Right,53,Jennifer Lopez,Top Songs 2020,0.741,0.362,0.12
Break a Sweat,54,Becky G,Top Songs 2020,0.786,0.65,0.059
Así de Grandes Son las Ideas,55,Calle 13,Top Songs 2020,0.511,0.492,0.0653
Ready,56,Alessia Cara,Top Songs 2020,0.519,0.616,0.181
London Bridge,57,Fergie,Top Songs 2020,0.769,0.633,0.357
Hold My Hand,58,Jess Glynne,Top Songs 2020,0.642,0.431,0.0289
The OA - Main Theme,59,Geek Music,Top Songs 2020,0.117,0.0736,0.0347
Out Of Love,60,Alessia Cara,Top Songs 2020,0.481,0.137,0.0339
Pop,61,La Oreja de Van Gogh,Top Songs 2020,0.719,0.751,0.0284
Not Today,62,Imagine Dragons,Top Songs 2020,0.462,0.0428,0.0292
ON (Feat. Sia),63,BTS,Top Songs 2020,0.591,0.386,0.0828
Higher,64,The Score,Top Songs 2020,0.449,0.465,0.0327
La Rubia - Remix 2,65,La Nueva Escuela,Top Songs 2020,0.759,0.761,0.133
No Regrets (feat. Krewella),66,KSHMR,Top Songs 2020,0.33,0.279,0.155
Wild Things,67,Alessia Cara,Top Songs 2020,0.741,0.706,0.0886
Wildflower,68,5 Seconds of Summer,Top Songs 2020,0.643,0.597,0.0455
Falling,69,Harry Styles,Top Songs 2020,0.567,0.0592,0.0299
Woman Like Me (feat. Nicki Minaj),70,Little Mix,Top Songs 2020,0.757,0.826,0.0536
What's On Your Mind?,71,Alessia Cara,Top Songs 2020,0.786,0.776,0.15
Body Talks (feat. Kesha),72,The Struts,Top Songs 2020,0.537,0.843,0.274
Bow Down - Homecoming Live,73,Beyoncé,Top Songs 2020,0.395,0.377,0.128
Most Girls,74,Hailee Steinfeld,Top Songs 2020,0.756,0.417,0.0763
Scars To Your Beautiful - Live Off The Floor (Bonus Track),75,Alessia Cara,Top Songs 2020,0.399,0.613,0.042
Singing in the Rain (feat. R. City),76,Simple Plan,Top Songs 2020,0.562,0.65,0.0504
"Clear and Simple (feat. Caroline Shaw, Petra Haden & Susanna Hoffs)",77,Theodore Shapiro,Top Songs 2020,0.672,0.158,0.045
Tantas Cosas Que Contar,78,La Oreja de Van Gogh,Top Songs 2020,0.27,0.334,0.0379
Another Place,79,Bastille,Top Songs 2020,0.685,0.618,0.0471
Good In Bed,80,Dua Lipa,Top Songs 2020,0.68,0.649,0.0917
Run Away With Me,81,Carly Rae Jepsen,Top Songs 2020,0.564,0.251,0.0475
Dagombas en Tamale,82,Residente,Top Songs 2020,0.608,0.726,0.194
I'm Like A Bird - Recorded at Spotify Studios NYC,83,Alessia Cara,Top Songs 2020,0.524,0.582,0.103
Rollin,84,Jess Glynne,Top Songs 2020,0.716,0.708,0.0533
No Goodbyes,85,Dua Lipa,Top Songs 2020,0.678,0.307,0.0408
lovely (with Khalid),86,Billie Eilish,Top Songs 2020,0.351,0.12,0.0333
Here,87,Alessia Cara,Top Songs 2020,0.376,0.331,0.104
Antes de Morirme (feat. Rosalía),88,C. Tangana,Top Songs 2020,0.865,0.131,0.168
Mama Look at Me Now,89,Galantis,Top Songs 2020,0.59,0.4,0.0384
Soledad,90,La Oreja de Van Gogh,Top Songs 2020,0.58,0.638,0.0262
Rooting For You - Live Off The Floor,91,Alessia Cara,Top Songs 2020,0.645,0.526,0.141
You Don't Mess Around With Jim,92,Jim Croce,Top Songs 2020,0.702,0.968,0.0596
Bibia Be Ye Ye,93,Ed Sheeran,Top Songs 2020,0.738,0.882,0.0824
Not In The Same Way,94,5 Seconds of Summer,Top Songs 2020,0.687,0.734,0.0444
What's On Your Mind? - Live Off The Floor,95,Alessia Cara,Top Songs 2020,0.572,0.666,0.126
That's My Girl,96,Fifth Harmony,Top Songs 2020,0.596,0.612,0.121
"Gato Que Avanza, Perro Que Ladra",97,Calle 13,Top Songs 2020,0.483,0.813,0.209
Bones (feat. OneRepublic),98,Galantis,Top Songs 2020,0.658,0.508,0.0377
Trust My Lonely,99,Alessia Cara,Top Songs 2020,0.613,0.622,0.162
Top Down,100,Fifth Harmony,Top Songs 2020,0.831,0.759,0.0429
Sweet Dream,1,Alessia Cara,Top Songs 2021,0.734,0.461,0.146
Non-Stop,2,Leslie Odom Jr.,Top Songs 2021,0.77,0.441,0.351
Shapeshifter,3,Alessia Cara,Top Songs 2021,0.723,0.612,0.0727
Out Of Love,4,Alessia Cara,Top Songs 2021,0.481,0.137,0.0339
Box In The Ocean,5,Alessia Cara,Top Songs 2021,0.604,0.583,0.0944
Run Boy Run,6,Woodkid,Top Songs 2021,0.506,0.34,0.102
drivers license,7,Olivia Rodrigo,Top Songs 2021,0.561,0.137,0.0578
Wait for It,8,Leslie Odom Jr.,Top Songs 2021,0.543,0.519,0.157
Bluebird,9,Alessia Cara,Top Songs 2021,0.697,0.717,0.0368
Nate Growing Up,10,Labrinth,Top Songs 2021,0.507,0.249,0.0504
champagne problems,11,Taylor Swift,Top Songs 2021,0.462,0.32,0.0377
"Tchaikovsky: Swan Lake, Op. 20, Act II: No. 10, Scene. Moderato",12,Pyotr Ilyich Tchaikovsky,Top Songs 2021,0.136,0.071,0.0364
Unboxing Intro,13,Alessia Cara,Top Songs 2021,0.502,0.974,0.405
Forever,14,Labrinth,Top Songs 2021,0.563,0.197,0.0292
Carnaval Del Barrio,15,Daphne Rubin-Vega,Top Songs 2021,0.546,0.7,0.101
How Far I'll Go - Alessia Cara Version,16,Alessia Cara,Top Songs 2021,0.31,0.148,0.346
"I Choose - From The Netflix Original Film ""The Willoughbys""",17,Alessia Cara,Top Songs 2021,0.66,0.416,0.0764
Solar Power,18,Lorde,Top Songs 2021,0.73,0.883,0.0879
"96,000",19,Anthony Ramos,Top Songs 2021,0.479,0.406,0.336
Sparkle - movie ver.,20,RADWIMPS,Top Songs 2021,0.372,0.287,0.0339
What's On Your Mind? - Live Off The Floor,21,Alessia Cara,Top Songs 2021,0.572,0.666,0.126
I Love You Always Forever,22,Betty Who,Top Songs 2021,0.532,0.493,0.0576
Mind Over Matter,23,Anthony Ramos,Top Songs 2021,0.852,0.636,0.137
deja vu,24,Olivia Rodrigo,Top Songs 2021,0.442,0.178,0.112
Wherever I Live,25,Alessia Cara,Top Songs 2021,0.717,0.594,0.102
Formula,26,Labrinth,Top Songs 2021,0.574,0.226,0.0409
Lover,27,Taylor Swift,Top Songs 2021,0.359,0.453,0.0919
Wildflowers,28,Maddie Poppe,Top Songs 2021,0.739,0.529,0.0375
Ready - Live Off The Floor,29,Alessia Cara,Top Songs 2021,0.454,0.582,0.0424
All For Us - from the HBO Original Series Euphoria,30,Labrinth,Top Songs 2021,0.348,0.172,0.0931
Yonaguni,31,Bad Bunny,Top Songs 2021,0.644,0.44,0.118
good 4 u,32,Olivia Rodrigo,Top Songs 2021,0.563,0.688,0.154
October - Live Off The Floor,33,Alessia Cara,Top Songs 2021,0.612,0.384,0.0287
Still Don't Know My Name,34,Labrinth,Top Songs 2021,0.316,0.313,0.117
Take Me There,35,Delta Rae,Top Songs 2021,0.632,0.501,0.0491
thank you anxiety,36,Avenue Beat,Top Songs 2021,0.588,0.629,0.0788
Middle Ground (feat. CHIKA),37,Alessia Cara,Top Songs 2021,0.547,0.796,0.361
A-O-K,38,Tai Verdes,Top Songs 2021,0.731,0.862,0.0805
On My Wave,39,Keiynan Lonsdale,Top Songs 2021,0.486,0.439,0.245
magic,40,Wrabel,Top Songs 2021,0.727,0.727,0.0954
Like You - Live Off The Floor,41,Alessia Cara,Top Songs 2021,0.665,0.648,0.157
Romeo,42,Bryce Xavier,Top Songs 2021,0.566,0.54,0.0563
Fever,43,Dua Lipa,Top Songs 2021,0.868,0.396,0.181
Bajo el mar,44,Michael Cruz,Top Songs 2021,0.656,0.927,0.0869
"I Miss You, Don't Call Me",45,Alessia Cara,Top Songs 2021,0.791,0.334,0.0545
I'd Rather Be Me,46,Barrett Wilbert Weed,Top Songs 2021,0.668,0.806,0.12
Historia de un Sueño,47,La Oreja de Van Gogh,Top Songs 2021,0.472,0.427,0.0261
After Midnight,48,Sam Creighton,Top Songs 2021,0.343,0.498,0.112
Lie To Me,49,Alessia Cara,Top Songs 2021,0.738,0.577,0.254
Fake ID (feat. Gretchen Wilson),50,Big & Rich,Top Songs 2021,0.663,0.73,0.0395
One Of A Kind,51,Juan de Marcos González,Top Songs 2021,0.704,0.62,0.0633
Levitating,52,Dua Lipa,Top Songs 2021,0.695,0.914,0.0753
Trust My Lonely,53,Alessia Cara,Top Songs 2021,0.613,0.622,0.162
Nobody’s Keeping Score,54,Cyn,Top Songs 2021,0.531,0.251,0.038
In The Heights,55,Anthony Ramos,Top Songs 2021,0.575,0.713,0.331
Love Story (Taylor’s Version),56,Taylor Swift,Top Songs 2021,0.626,0.416,0.0311
Rooting For You - Live Off The Floor,57,Alessia Cara,Top Songs 2021,0.645,0.526,0.141
DÁKITI,58,Bad Bunny,Top Songs 2021,0.731,0.145,0.0544
momma told me imma be,59,Tai Verdes,Top Songs 2021,0.659,0.506,0.252
Not Your Birthday,60,Allstar Weekend,Top Songs 2021,0.683,0.776,0.11
Fishbowl,61,Alessia Cara,Top Songs 2021,0.793,0.677,0.275
Too Young To Grow Old,62,Lxandra,Top Songs 2021,0.443,0.112,0.0685
Pilot with a Fear of Heights,63,Felicity,Top Songs 2021,0.54,0.341,0.0651
exile (feat. Bon Iver),64,Taylor Swift,Top Songs 2021,0.298,0.152,0.0287
Scars To Your Beautiful - Live Off The Floor (Bonus Track),65,Alessia Cara,Top Songs 2021,0.399,0.613,0.042
Queen In Me,66,Jujubee,Top Songs 2021,0.5,0.116,0.051
When A Girl,67,CARYS,Top Songs 2021,0.731,0.665,0.0501
Sleep When I'm Dead,68,These Girls These Boys,Top Songs 2021,0.838,0.405,0.0999
Growing Pains,69,Alessia Cara,Top Songs 2021,0.353,0.432,0.74
I Love You Always Forever,70,Donna Lewis,Top Songs 2021,0.744,0.122,0.0348
brutal,71,Olivia Rodrigo,Top Songs 2021,0.672,0.28,0.0599
Need to Know,72,Doja Cat,Top Songs 2021,0.664,0.194,0.0707
I Choose - From The Netflix Original Film The Willoughbys / Acoustic (Bonus Track),73,Alessia Cara,Top Songs 2021,0.594,0.485,0.0345
Don't Start Now,74,Dua Lipa,Top Songs 2021,0.793,0.679,0.083
Out Loud,75,HRVY,Top Songs 2021,0.776,0.703,0.269
Dress,76,Charlotte Sands,Top Songs 2021,0.807,0.793,0.182
Somebody Else,77,Alessia Cara,Top Songs 2021,0.718,0.963,0.0429
traitor,78,Olivia Rodrigo,Top Songs 2021,0.38,0.0849,0.0338
Keep the Beat,79,Lin-Manuel Miranda,Top Songs 2021,0.705,0.38,0.0463
Benny's Dispatch,80,Leslie Grace,Top Songs 2021,0.674,0.256,0.216
Girl Next Door,81,Alessia Cara,Top Songs 2021,0.705,0.422,0.12
Me Vieron Cruzar,82,Residente/Calle 13,Top Songs 2021,0.537,0.499,0.0429
Pessimist,83,Greta Isaac,Top Songs 2021,0.539,0.729,0.236
Blackout,84,Anthony Ramos,Top Songs 2021,0.611,0.502,0.0698
Find My Boy,85,Alessia Cara,Top Songs 2021,0.636,0.712,0.121
enough for you,86,Olivia Rodrigo,Top Songs 2021,0.638,0.269,0.0898
1-800-273-8255,87,Logic,Top Songs 2021,0.62,0.357,0.0479
Alexander Hamilton,88,Leslie Odom Jr.,Top Songs 2021,0.609,0.552,0.285
A Little More,89,Alessia Cara,Top Songs 2021,0.478,0.23,0.0364
Getaway Car,90,Taylor Swift,Top Songs 2021,0.562,0.351,0.127
Magic (In Your Bones),91,Arielle Estoria,Top Songs 2021,0.543,0.192,0.402
"Kingdom Dance - From ""Tangled""/Score",92,Alan Menken,Top Songs 2021,0.239,0.47,0.0773
Drama Queen,93,Alessia Cara,Top Songs 2021,0.798,0.712,0.136
Out Of The Woods,94,Taylor Swift,Top Songs 2021,0.553,0.338,0.0396
Boys Will Be Boys,95,Dua Lipa,Top Songs 2021,0.768,0.519,0.0353
Madness,96,Ruelle,Top Songs 2021,0.509,0.421,0.0433
Not Today,97,Alessia Cara,Top Songs 2021,0.76,0.169,0.123
willow,98,Taylor Swift,Top Songs 2021,0.392,0.529,0.17
"Symphony No. 9 in D Minor, Op.125 'Choral': Ode to Joy",99,Ludwig van Beethoven,Top Songs 2021,0.19,0.219,0.0413
Wild Thing,100,Jasmine Cephas-Jones,Top Songs 2021,0.644,0.186,0.046